﻿<?xml version="1.0" encoding="UTF-8" standalone="yes"?>
<addon id="plugin.audio.RadioEnergie"
       name="[COLOR red]Radio Energie[/COLOR]"
       version="1.0.0"
       provider-name="[COLOR blue]Sphinxroot[/COLOR]">
	<requires>
		<import addon="xbmc.python" version="2.25.0"/>
	</requires>
	<extension point="xbmc.python.pluginsource" library="default.py">
		<provides>audio</provides>
	</extension>
  <extension point="xbmc.addon.metadata">  
  <summary lang="en">La Radio Energie En Direct QC</summary>
    <description lang="en">Ecoutez Les Stations De Radio Energie Live
	</description>
    <platform>all</platform>
	<language>en</language>
	<license>GNU GENERAL PUBLIC LICENSE. Version 3, 29 June 2007</license>
    <website></website>
    <email></email>
    <source>https://github.com/Sphinxroot</source>
	</extension>
</addon>